beam,meas,iadr,entries,accuracy,elapsed,elapsed_std,rss_reported,rss_reported_std,rss_decision,rss_decision_std,throughput,throughput_std,overhead,overhead_std,rate,rate_std
1.0,600.0,800.0,62,0.0,0.000949828855452999,0.00025719055606214584,,,,,0.0,0.0,0.0,0.0,0.0,0.0
1.0,600.0,1.0,567,0.0,0.0009982463964499284,0.0002726475230823453,,,,,0.0,0.0,0.0,0.0,0.0,0.0
1.0,600.0,600.0,81,0.0,0.0011067331573109567,0.0011095488384760296,,,,,0.0,0.0,0.0,0.0,0.0,0.0
1.0,600.0,1000.0,53,0.0,0.0009986589539725827,0.0002563441285156185,,,,,0.0,0.0,0.0,0.0,0.0,0.0
1.0,600.0,200.0,184,0.0,0.001004208689150603,0.00020758956947675156,,,,,0.0,0.0,0.0,0.0,0.0,0.0
1.0,600.0,400.0,110,0.0,0.0009666789661754261,0.00020889055743872743,,,,,0.0,0.0,0.0,0.0,0.0,0.0
1.0,200.0,600.0,80,0.0,0.0010341405868530273,0.00024273665112013458,,,,,0.0,0.0,0.0,0.0,0.0,0.0
1.0,200.0,800.0,64,0.0,0.000994652509689331,0.00029294189360215593,,,,,0.0,0.0,0.0,0.0,0.0,0.0
1.0,200.0,400.0,110,0.0,0.000949339433149858,0.00023507436586046998,,,,,0.0,0.0,0.0,0.0,0.0,0.0
1.0,200.0,1000.0,53,0.0,0.0009176866063531839,0.00020592640791837371,,,,,0.0,0.0,0.0,0.0,0.0,0.0
1.0,200.0,1.0,567,0.0,0.0009149891148589065,0.0002473240262330662,,,,,0.0,0.0,0.0,0.0,0.0,0.0
1.0,200.0,200.0,183,0.0,0.0010487811812937586,0.00025966318884701207,,,,,0.0,0.0,0.0,0.0,0.0,0.0
1.0,1.0,600.0,81,0.0,0.20653230172612846,0.17418589053432237,-68.68976901826404,0.168099471346652,,,0.0,0.0,0.0,0.0,0.0,0.0
1.0,1.0,200.0,184,0.0,0.16533291858172006,0.10897292161216748,-68.67266269806893,0.20543424086590567,,,0.0,0.0,0.0,0.0,0.0,0.0
1.0,1.0,1000.0,53,0.0,0.1565060525569996,0.22777887335417224,-68.67583730061848,0.17647934829208237,,,0.0,0.0,0.0,0.0,0.0,0.0
1.0,1.0,400.0,111,0.0,0.1128299816234421,0.10685433255302268,-68.66580458420974,0.19248666316621907,,,0.0,0.0,0.0,0.0,0.0,0.0
1.0,1.0,800.0,63,0.0,0.12446206713477467,0.16170953323588083,-68.6792416381836,0.2769117678797482,,,0.0,0.0,0.0,0.0,0.0,0.0
1.0,1.0,1.0,563,0.008880994671403197,0.1549369276734197,0.15422796846415013,-68.66633208592732,0.2221371325357064,-68.46618957519532,0.13351140673950912,0.0,0.0,0.0,0.0,0.0,0.0
1.0,400.0,1.0,568,0.0,0.0009813778836962204,0.00023317435019766785,,,,,0.0,0.0,0.0,0.0,0.0,0.0
1.0,400.0,800.0,63,0.0,0.000957458738296751,0.000232547582238138,,,,,0.0,0.0,0.0,0.0,0.0,0.0
1.0,400.0,600.0,81,0.0,0.0010302037368586034,0.00022246881082992303,,,,,0.0,0.0,0.0,0.0,0.0,0.0
1.0,400.0,1000.0,53,0.0,0.0010031574177292158,0.0002445679187280127,,,,,0.0,0.0,0.0,0.0,0.0,0.0
1.0,400.0,200.0,182,0.0,0.0009117545662345467,0.0002244229582481594,,,,,0.0,0.0,0.0,0.0,0.0,0.0
1.0,400.0,400.0,110,0.0,0.0009991905905983663,0.0002672838512057718,,,,,0.0,0.0,0.0,0.0,0.0,0.0
1.0,1000.0,400.0,110,0.0,0.000949339433149858,0.00020674616163356518,,,,,0.0,0.0,0.0,0.0,0.0,0.0
1.0,1000.0,1000.0,53,0.0,0.001007655881485849,0.00027120091983226567,,,,,0.0,0.0,0.0,0.0,0.0,0.0
1.0,1000.0,800.0,63,0.0,0.001048284863668775,0.00029833740943791036,,,,,0.0,0.0,0.0,0.0,0.0,0.0
1.0,1000.0,600.0,80,0.0,0.0010341405868530273,0.00024273665112013458,,,,,0.0,0.0,0.0,0.0,0.0,0.0
1.0,1000.0,1.0,565,0.0,0.001041868091684527,0.0006312505476426812,,,,,0.0,0.0,0.0,0.0,0.0,0.0
1.0,1000.0,200.0,183,0.0,0.0011790645578519895,0.0002508371547434715,,,,,0.0,0.0,0.0,0.0,0.0,0.0
1.0,800.0,800.0,64,0.0,0.0009424984455108643,0.0002183890366545018,,,,,0.0,0.0,0.0,0.0,0.0,0.0
1.0,800.0,600.0,80,0.0,0.0009566545486450195,0.00022279823871142093,,,,,0.0,0.0,0.0,0.0,0.0,0.0
1.0,800.0,1.0,565,0.0,0.0010216130619555449,0.0006304064636494604,,,,,0.0,0.0,0.0,0.0,0.0,0.0
1.0,800.0,200.0,182,0.0,0.0009759441836849673,0.0002046908353834007,,,,,0.0,0.0,0.0,0.0,0.0,0.0
1.0,800.0,1000.0,53,0.0,0.0012280806055608785,0.0018781226048141416,,,,,0.0,0.0,0.0,0.0,0.0,0.0
1.0,800.0,400.0,110,0.0,0.0010663812810724432,0.00028833394380107944,,,,,0.0,0.0,0.0,0.0,0.0,0.0
400.0,200.0,1.0,6,1.0,5.40248552958165,0.3445866178928243,-68.70776298736857,0.22029022143857144,-67.64371744791667,0.26137170666401494,0.0,0.0,0.0,0.0,0.0,0.0
400.0,200.0,800.0,6,1.0,5.10807832082105,0.24388737958188555,-68.69261374402402,0.21035731786004835,-67.66837565104167,0.1313287360332956,0.0,0.0,0.0,0.0,0.0,0.0
400.0,200.0,200.0,6,1.0,5.285422007242817,0.23760435626165458,-68.69377224645882,0.22054075620506974,-67.74703216552734,0.24600419054453038,0.0,0.0,0.0,0.0,0.0,0.0
400.0,200.0,400.0,6,0.8333333333333334,5.358020464579201,0.13958249599210157,-68.68818661682587,0.2104204326786499,-67.57700653076172,0.21299456575242076,0.0,0.0,0.0,0.0,0.0,0.0
400.0,200.0,1000.0,6,0.8333333333333334,5.859692891438749,1.1895059522369398,-68.70084961225402,0.22018741771586117,-67.5947280883789,0.30963016309949587,0.0,0.0,0.0,0.0,0.0,0.0
400.0,200.0,600.0,6,1.0,4.932999610900833,1.0150169249838106,-68.68896347729128,0.2377319871973058,-67.51693725585938,0.24909954908752777,0.0,0.0,0.0,0.0,0.0,0.0
400.0,400.0,400.0,6,0.0,0.03719329833982188,0.05600857892545347,-68.79662577311198,0.11996432142371807,,,0.0,0.0,0.0,0.0,0.0,0.0
400.0,400.0,600.0,6,0.0,0.12683868408201276,0.09075239657442873,-68.60599899291992,0.3435823966242845,,,0.0,0.0,0.0,0.0,0.0,0.0
400.0,400.0,1.0,6,0.0,0.0011126200358072917,0.0001946679546660724,,,,,0.0,0.0,0.0,0.0,0.0,0.0
400.0,400.0,1000.0,6,0.0,0.10478496551511536,0.07849219777978055,-68.79310989379883,0.07975696788173739,,,0.0,0.0,0.0,0.0,0.0,0.0
400.0,400.0,200.0,6,0.0,0.05682309468585313,0.061650207154693076,-68.79286766052246,0.245364086519539,,,0.0,0.0,0.0,0.0,0.0,0.0
400.0,400.0,800.0,6,0.0,0.15652179718014037,0.141487697378735,-68.60888235909599,0.5738333530172643,,,0.0,0.0,0.0,0.0,0.0,0.0
400.0,600.0,800.0,6,0.0,0.0010728836059570312,0.00013058723390225554,,,,,0.0,0.0,0.0,0.0,0.0,0.0
400.0,600.0,1.0,6,0.0,0.0009139378865559896,0.00017947498624541308,,,,,0.0,0.0,0.0,0.0,0.0,0.0
400.0,600.0,400.0,6,0.0,0.0011126200358072917,0.0002887392381761066,,,,,0.0,0.0,0.0,0.0,0.0,0.0
400.0,600.0,600.0,6,0.0,0.00095367431640625,0.0002132480599880018,,,,,0.0,0.0,0.0,0.0,0.0,0.0
400.0,600.0,200.0,6,0.0,0.0010331471761067708,0.0002462376496764766,,,,,0.0,0.0,0.0,0.0,0.0,0.0
400.0,600.0,1000.0,6,0.0,0.0010331471761067708,0.0002462376496764766,,,,,0.0,0.0,0.0,0.0,0.0,0.0
400.0,800.0,200.0,6,0.0,0.0009934107462565105,0.00017947498624541308,,,,,0.0,0.0,0.0,0.0,0.0,0.0
400.0,800.0,600.0,6,0.0,0.0901222229003651,0.0888087925239584,-68.73192405700684,0.12983283811590804,,,0.0,0.0,0.0,0.0,0.0,0.0
400.0,800.0,1000.0,6,0.0,0.001152356465657552,0.00017947498624541308,,,,,0.0,0.0,0.0,0.0,0.0,0.0
400.0,800.0,400.0,6,0.0,0.0010728836059570312,0.00025005551532987394,,,,,0.0,0.0,0.0,0.0,0.0,0.0
400.0,800.0,800.0,6,0.0,0.03532568613687968,0.053322125550448636,-68.66429392496745,0.2054097475045123,,,0.0,0.0,0.0,0.0,0.0,0.0
400.0,800.0,1.0,6,0.0,0.0009934107462565105,0.00017947498624541308,,,,,0.0,0.0,0.0,0.0,0.0,0.0
400.0,1000.0,1000.0,6,0.0,0.10303656260170885,0.06583054593711551,-68.62200164794922,0.0838097970156501,,,0.0,0.0,0.0,0.0,0.0,0.0
400.0,1000.0,400.0,6,0.0,0.0010728836059570312,0.00025005551532987394,,,,,0.0,0.0,0.0,0.0,0.0,0.0
400.0,1000.0,800.0,6,0.0,0.13645490010576847,0.09043159400031862,-68.74569702148438,0.18842447406076465,,,0.0,0.0,0.0,0.0,0.0,0.0
400.0,1000.0,600.0,6,0.0,0.0009934107462565105,0.00023441125875715613,,,,,0.0,0.0,0.0,0.0,0.0,0.0
400.0,1000.0,200.0,6,0.0,0.0009934107462565105,0.00017947498624541308,,,,,0.0,0.0,0.0,0.0,0.0,0.0
400.0,1000.0,1.0,6,0.0,0.0010331471761067708,0.0002887392381761066,,,,,0.0,0.0,0.0,0.0,0.0,0.0
400.0,1.0,1000.0,6,1.0,10.448257128397586,0.5264315574103734,-68.71698861697409,4.311387402959384,-67.65803782145183,0.06049528248728662,0.0,0.0,0.0,0.0,0.0,0.0
400.0,1.0,400.0,6,1.0,10.11697451273595,0.46238726549068143,-68.6957775538994,0.21783598476055996,-67.62189610799153,0.06619994458836648,0.0,0.0,0.0,0.0,0.0,0.0
400.0,1.0,600.0,6,1.0,10.540326436360633,0.47989645103225664,-68.69722567467169,0.21884051869849663,-67.61096890767415,0.04326751224412853,0.0,0.0,0.0,0.0,0.0,0.0
400.0,1.0,800.0,6,1.0,10.96443335215245,0.7899668738515991,-68.69901792882546,0.21858617058907134,-67.61540349324544,0.07706091757567034,0.0,0.0,0.0,0.0,0.0,0.0
400.0,1.0,1.0,6,1.0,10.982712109883566,1.3623770800564254,-68.69879237313127,0.21584207657205892,-67.65628433227539,0.06697332977666567,0.0,0.0,0.0,0.0,0.0,0.0
400.0,1.0,200.0,6,1.0,10.331988334655717,0.814987784663924,-68.69881758043611,0.21734516309727123,-67.6502202351888,0.0663445702842886,0.0,0.0,0.0,0.0,0.0,0.0
1000.0,600.0,400.0,5,1.0,3.7442684173583594,0.2937680015319683,-68.62032614256206,0.29519184930612324,-67.19329376220703,0.1415675946304694,0.0,0.0,0.0,0.0,0.0,0.0
1000.0,600.0,1.0,5,0.6,3.7961483001708602,0.37325924450756265,-68.65671256643827,0.22451072147158754,-67.2624282836914,0.22162674122438736,0.0,0.0,0.0,0.0,0.0,0.0
1000.0,600.0,1000.0,5,1.0,3.60064506530756,0.12800817627569355,-68.6345965275999,0.25748868809387,-67.39669952392578,0.33980796286578624,0.0,0.0,0.0,0.0,0.0,0.0
1000.0,600.0,600.0,5,1.0,3.48625183105464,0.36048170112824085,-68.6210954783418,0.2893216216995249,-67.3140655517578,0.28536822960357605,0.0,0.0,0.0,0.0,0.0,0.0
1000.0,600.0,800.0,5,1.0,3.4928321838378604,0.3747222994986941,-68.60921245637488,0.27936590414332935,-67.33111877441407,0.18345939759459723,0.0,0.0,0.0,0.0,0.0,0.0
1000.0,600.0,200.0,5,1.0,3.4156799316405597,0.3008001934813029,-68.64351829925141,0.2728605995528554,-67.37681579589844,0.17760309575645725,0.0,0.0,0.0,0.0,0.0,0.0
1000.0,1000.0,1.0,5,0.0,0.04262924194332531,0.05654175899756397,-68.78904724121094,0.1458213523519316,,,0.0,0.0,0.0,0.0,0.0,0.0
1000.0,1000.0,400.0,5,0.0,0.024700164794907813,0.051900992148497166,-68.2415542602539,,,,0.0,0.0,0.0,0.0,0.0,0.0
1000.0,1000.0,600.0,5,0.0,0.023460388183584688,0.05045992780470249,-68.70255279541016,,,,0.0,0.0,0.0,0.0,0.0,0.0
1000.0,1000.0,1000.0,5,0.0,0.08058547973630438,0.04547080487446816,-68.79657440185547,0.06777683937119391,,,0.0,0.0,0.0,0.0,0.0,0.0
1000.0,1000.0,800.0,5,0.0,0.04539489746090375,0.06109231269392572,-68.41133117675781,0.2792994100615687,,,0.0,0.0,0.0,0.0,0.0,0.0
1000.0,1000.0,200.0,5,0.0,0.058841705322246245,0.12890856250255528,-68.65752410888672,0.05863064955089873,,,0.0,0.0,0.0,0.0,0.0,0.0
1000.0,200.0,600.0,5,1.0,5.73291778564448,0.5090516281488464,-68.63444791163606,0.24147063841996066,-67.29759902954102,0.1343324608118834,0.0,0.0,0.0,0.0,0.0,0.0
1000.0,200.0,1.0,5,1.0,5.90100288391108,0.7079343723003838,-68.64949262894187,0.23646233873116834,-67.31693725585937,0.16556900020782434,0.0,0.0,0.0,0.0,0.0,0.0
1000.0,200.0,400.0,5,1.0,5.95068931579584,1.2962967019474367,-68.63957448206642,0.24658969129662692,-67.25632019042969,0.09124537019593235,0.0,0.0,0.0,0.0,0.0,0.0
1000.0,200.0,800.0,5,1.0,5.7353496551513,0.32432610463891415,-68.63243237170545,0.2407938543396749,-67.2989013671875,0.11628807313086631,0.0,0.0,0.0,0.0,0.0,0.0
1000.0,200.0,200.0,5,1.0,5.3944110870360795,0.25593773060814556,-68.63325859003047,0.2327087351353879,-67.42162170410157,0.04460548044244208,0.0,0.0,0.0,0.0,0.0,0.0
1000.0,200.0,1000.0,5,1.0,5.22551536560052,0.29768188001970647,-68.65176056978996,0.23109216542027877,-67.42276611328126,0.0970386805564252,0.0,0.0,0.0,0.0,0.0,0.0
1000.0,1.0,1000.0,5,1.0,15.009355545043901,0.573145951354623,-68.63889062923744,0.2367174027023799,-67.3347412109375,0.04368736119456762,0.0,0.0,0.0,0.0,0.0,0.0
1000.0,1.0,1.0,5,1.0,15.19145965576168,1.0326936875832702,-68.64321012074,0.23727814026491845,-67.33769149780274,0.0330487633860567,0.0,0.0,0.0,0.0,0.0,0.0
1000.0,1.0,200.0,5,1.0,14.9767875671386,0.45804228226521404,-68.64345182355537,0.2373660443600637,-67.33080444335937,0.05914989142705589,0.0,0.0,0.0,0.0,0.0,0.0
1000.0,1.0,800.0,5,1.0,15.121078491210882,0.8580430042414047,-68.65106356797459,2.937058844521834,-67.30476684570313,0.02522101851922635,0.0,0.0,0.0,0.0,0.0,0.0
1000.0,1.0,600.0,5,1.0,14.34779167175286,0.7311715744042683,-68.64382199742407,0.23655731753660533,-67.3441535949707,0.041919544610875596,0.0,0.0,0.0,0.0,0.0,0.0
1000.0,1.0,400.0,5,1.0,14.59488868713374,0.5369623784244498,-68.64533612929435,0.23757304226221643,-67.32955322265624,0.05038435726266088,0.0,0.0,0.0,0.0,0.0,0.0
1000.0,800.0,1000.0,5,1.0,1.4355659484862802,0.18781773702553525,-68.60148437752211,0.36287903852945885,-67.38596649169922,0.26007591213216025,0.0,0.0,0.0,0.0,0.0,0.0
1000.0,800.0,600.0,5,0.8,1.4454841613768799,0.1634453176759253,-68.60743884382576,0.348466422012936,-67.32211303710938,0.5039162835796707,0.0,0.0,0.0,0.0,0.0,0.0
1000.0,800.0,200.0,5,0.4,1.57184600830074,0.29952279474511767,-68.65191212529722,0.26090949558936566,-67.35382843017578,0.00784403427005951,0.0,0.0,0.0,0.0,0.0,0.0
1000.0,800.0,1.0,5,0.2,1.48396492004388,0.18738899505041012,-68.63851273798309,0.25112970266423995,-67.46003723144531,,0.0,0.0,0.0,0.0,0.0,0.0
1000.0,800.0,800.0,5,1.0,1.7801284790038603,0.6388437638945422,-68.6172734923282,0.3428569542469385,-67.39701538085937,0.16593074001128486,0.0,0.0,0.0,0.0,0.0,0.0
1000.0,800.0,400.0,5,0.6,1.5141963958739602,0.06933165547452623,-68.61393196562416,0.2500429677480315,-67.47262573242188,0.17577102965869346,0.0,0.0,0.0,0.0,0.0,0.0
1000.0,400.0,200.0,5,1.0,5.70249557495114,0.8402414154129568,-68.63158916106377,0.2642955192715564,-67.27150344848633,0.08690203647277185,0.0,0.0,0.0,0.0,0.0,0.0
1000.0,400.0,800.0,5,1.0,5.406761169433521,0.7403131763829139,-68.65100495808326,0.25600719540637185,-67.29192276000977,0.090048303409194,0.0,0.0,0.0,0.0,0.0,0.0
1000.0,400.0,600.0,5,1.0,5.20377159118648,0.34080371824136585,-68.6429276445547,0.256935655607924,-67.21734313964843,0.10240433147075048,0.0,0.0,0.0,0.0,0.0,0.0
1000.0,400.0,1000.0,5,1.0,5.44133186340328,0.31798204183863077,-68.6379241832628,0.24038763773541155,-67.40100631713867,0.0923977108091062,0.0,0.0,0.0,0.0,0.0,0.0
1000.0,400.0,400.0,5,1.0,5.1430225372314,0.2975510480711058,-68.6345746472327,0.25263565137821076,-67.425634765625,0.13907327623722854,0.0,0.0,0.0,0.0,0.0,0.0
1000.0,400.0,1.0,5,1.0,5.815124511718701,0.5074888178577658,-68.64506479452925,0.22285466460478007,-67.42698669433594,0.21711389269637774,0.0,0.0,0.0,0.0,0.0,0.0
600.0,600.0,1000.0,6,0.0,0.10327498118081171,0.06643171947707688,-68.67159271240234,0.1734322815214173,,,0.0,0.0,0.0,0.0,0.0,0.0
600.0,600.0,400.0,6,0.0,0.11773904164629166,0.09924497088360698,-68.72063827514648,0.12880131971279932,,,0.0,0.0,0.0,0.0,0.0,0.0
600.0,600.0,200.0,6,0.0,0.04116694132486224,0.06663492903150275,-68.63588333129883,0.10195626112094544,,,0.0,0.0,0.0,0.0,0.0,0.0
600.0,600.0,800.0,6,0.0,0.035484631856275775,0.05384701774956086,-68.6992073059082,0.14386304118272142,,,0.0,0.0,0.0,0.0,0.0,0.0
600.0,600.0,1.0,6,0.0,0.04013379414875547,0.09585454831896248,-68.63507843017578,0.021341815386764388,,,0.0,0.0,0.0,0.0,0.0,0.0
600.0,400.0,1000.0,6,1.0,2.949277559916133,0.2719108618470361,-68.63720866832656,0.2871355993514113,-67.21563339233398,0.2884788220661073,0.0,0.0,0.0,0.0,0.0,0.0
600.0,400.0,200.0,6,0.8333333333333334,2.9496351877847835,0.5378659453138837,-68.62831350708008,0.25620496683782046,-67.28358764648438,0.2637687522022397,0.0,0.0,0.0,0.0,0.0,0.0
600.0,400.0,800.0,6,1.0,2.9189586639404004,0.3391077998678245,-68.6390316611842,0.2524654570143656,-67.51796849568684,0.12093641856752059,0.0,0.0,0.0,0.0,0.0,0.0
600.0,400.0,400.0,6,1.0,2.8277238210042,0.1492285992365106,-68.65994278077156,0.2440548989339037,-67.5820681254069,0.293490783485431,0.0,0.0,0.0,0.0,0.0,0.0
600.0,400.0,1.0,6,0.6666666666666666,2.8696060180663503,0.3450764464282332,-68.65502145038387,0.22867754267595203,-67.48314666748047,0.09140262144003822,0.0,0.0,0.0,0.0,0.0,0.0
600.0,400.0,600.0,6,1.0,2.7508735656738,0.28329059704372966,-68.62919900512695,0.3077778535588448,-67.32150777180989,0.2644668834660435,0.0,0.0,0.0,0.0,0.0,0.0
600.0,1.0,200.0,6,1.0,11.898398399352985,0.6403879851112652,-68.66467564991899,0.2230446750177349,-67.4834976196289,0.05257422735475061,0.0,0.0,0.0,0.0,0.0,0.0
600.0,1.0,1.0,6,1.0,11.713425318400033,0.281598672381292,-68.66378070910886,0.2236619767886148,-67.48167991638184,0.04112812432850845,0.0,0.0,0.0,0.0,0.0,0.0
600.0,1.0,800.0,6,1.0,11.443336804707817,0.46033275962569603,-68.6628686655534,0.22243096860891184,-67.4929936726888,0.05271060304411112,0.0,0.0,0.0,0.0,0.0,0.0
600.0,1.0,1000.0,6,1.0,11.956771214803034,0.648033481394387,-68.66364557525871,0.22230482766316156,-67.49907112121582,0.07843339953309623,0.0,0.0,0.0,0.0,0.0,0.0
600.0,1.0,400.0,6,1.0,11.988600095113082,0.4840201433291657,-68.66279648947315,0.22301579140306874,-67.478577931722,0.06614364553193647,0.0,0.0,0.0,0.0,0.0,0.0
600.0,1.0,600.0,6,1.0,11.748154958089133,0.6789022465842627,-68.65682386768793,0.22844311682043064,-67.41250801086426,0.05271751190206654,0.0,0.0,0.0,0.0,0.0,0.0
600.0,200.0,400.0,6,1.0,5.977034568786566,0.812440416524094,-68.6521992270249,0.22560271066727136,-67.50345802307129,0.08682378405120235,0.0,0.0,0.0,0.0,0.0,0.0
600.0,200.0,600.0,6,1.0,5.650202433268182,0.4996033800574582,-68.64779366950093,0.23200902126141365,-67.39137840270996,0.18948901216535863,0.0,0.0,0.0,0.0,0.0,0.0
600.0,200.0,1.0,6,1.0,5.525271097818984,0.30938559110893815,-68.66544703678983,0.22380069324480137,-67.47331873575847,0.14226604810009957,0.0,0.0,0.0,0.0,0.0,0.0
600.0,200.0,200.0,6,1.0,5.861043930053666,0.5702837054135942,-68.66534544374115,0.21994615283586869,-67.52139981587727,0.14053208907392986,0.0,0.0,0.0,0.0,0.0,0.0
600.0,200.0,1000.0,6,1.0,5.191008249918584,0.401968171596842,-68.66039448525521,0.22634449609257626,-67.4053560892741,0.18725190126872848,0.0,0.0,0.0,0.0,0.0,0.0
600.0,200.0,800.0,6,1.0,5.5660406748453175,0.5222693946726713,-68.65105122613956,0.23122039633842176,-67.35446230570476,0.16684291251609965,0.0,0.0,0.0,0.0,0.0,0.0
600.0,1000.0,1.0,6,0.0,0.0010331471761067708,0.0001946679546660724,,,,,0.0,0.0,0.0,0.0,0.0,0.0
600.0,1000.0,200.0,6,0.0,0.0009139378865559896,9.733397733303618e-05,,,,,0.0,0.0,0.0,0.0,0.0,0.0
600.0,1000.0,800.0,6,0.0,0.0990629196166599,0.0619638374268361,-68.28642018636067,0.45806881511738096,,,0.0,0.0,0.0,0.0,0.0,0.0
600.0,1000.0,1000.0,6,0.0,0.09747346242265573,0.05110604804081164,-68.60028711954753,0.14529650849305975,,,0.0,0.0,0.0,0.0,0.0,0.0
600.0,1000.0,600.0,6,0.0,0.04017353057858698,0.06151582831615407,-68.51922607421875,0.030955342944705273,,,0.0,0.0,0.0,0.0,0.0,0.0
600.0,1000.0,400.0,6,0.0,0.0010331471761067708,0.0002462376496764766,,,,,0.0,0.0,0.0,0.0,0.0,0.0
600.0,800.0,600.0,6,0.0,0.018874804178872134,0.04378170588261595,-68.48617553710938,0.01818046457365925,,,0.0,0.0,0.0,0.0,0.0,0.0
600.0,800.0,1.0,6,0.0,0.001231829325358073,0.00017947498624541308,,,,,0.0,0.0,0.0,0.0,0.0,0.0
600.0,800.0,200.0,6,0.0,0.07585684458411902,0.05961921831618966,-68.5622573852539,0.15897435587575667,,,0.0,0.0,0.0,0.0,0.0,0.0
600.0,800.0,1000.0,6,0.0,0.050465265909815885,0.05559390965901612,-68.69029998779297,0.1987760452605672,,,0.0,0.0,0.0,0.0,0.0,0.0
600.0,800.0,400.0,6,0.0,0.03687540690102735,0.056017441732902545,-68.6546122233073,0.08115023069599234,,,0.0,0.0,0.0,0.0,0.0,0.0
600.0,800.0,800.0,6,0.0,0.11173884073888438,0.06679289862513248,-68.70086288452148,0.12044415097994318,,,0.0,0.0,0.0,0.0,0.0,0.0
200.0,400.0,1.0,8,0.0,0.0010728836059570312,0.00028496470673904263,,,,,0.0,0.0,0.0,0.0,0.0,0.0
200.0,400.0,600.0,8,0.0,0.037878751754743166,0.06959260992570503,-68.77630106608073,0.1512300378236876,,,0.0,0.0,0.0,0.0,0.0,0.0
200.0,400.0,400.0,8,0.0,0.08291006088253573,0.053046583915321285,-68.62940979003906,0.1431195961863327,,,0.0,0.0,0.0,0.0,0.0,0.0
200.0,400.0,200.0,8,0.0,0.0676810741424459,0.057450247137907126,-68.63850021362305,0.12791993369254515,,,0.0,0.0,0.0,0.0,0.0,0.0
200.0,400.0,1000.0,8,0.0,0.08422136306760643,0.08016516089005214,-68.65083185831706,0.25113541720857263,,,0.0,0.0,0.0,0.0,0.0,0.0
200.0,400.0,800.0,8,0.0,0.024855136871329103,0.04415734792162354,-68.75082397460938,0.07298540521005166,,,0.0,0.0,0.0,0.0,0.0,0.0
200.0,1.0,600.0,8,1.0,8.731216192245437,0.6913747322751906,-68.68141833321945,0.22391641030206144,-67.49077463150024,0.05028643140426215,0.0,0.0,0.0,0.0,0.0,0.0
200.0,1.0,1000.0,8,1.0,8.353054523467975,1.6283611385685204,-68.68294288552521,0.22112331726065493,-67.53979158401489,0.057424529126451476,0.0,0.0,0.0,0.0,0.0,0.0
200.0,1.0,200.0,8,1.0,8.642137050628625,0.8714201325943296,-68.68258661486067,0.22252573022894465,-67.50427436828613,0.054575326780293656,0.0,0.0,0.0,0.0,0.0,0.0
200.0,1.0,1.0,8,1.0,8.607149124145463,0.499430188892244,-68.68136490644211,0.22280690835378217,-67.51215982437134,0.07507393392875249,0.0,0.0,0.0,0.0,0.0,0.0
200.0,1.0,800.0,8,1.0,8.930683135986262,0.5036498022120803,-68.68724772076435,0.21993720033091135,-67.56964778900146,0.07272833395624372,0.0,0.0,0.0,0.0,0.0,0.0
200.0,1.0,400.0,8,1.0,9.053617715835525,0.6788237215716664,-68.68628143893618,0.22141346881027932,-67.53926134109497,0.07925797332210882,0.0,0.0,0.0,0.0,0.0,0.0
200.0,1000.0,1.0,8,0.0,0.00095367431640625,0.00022073271269143854,,,,,0.0,0.0,0.0,0.0,0.0,0.0
200.0,1000.0,200.0,8,0.0,0.0011324882507324219,0.00027774923921142463,,,,,0.0,0.0,0.0,0.0,0.0,0.0
200.0,1000.0,1000.0,8,0.0,0.0637471675872668,0.06987808033239669,-68.69754791259766,0.10455820599148671,,,0.0,0.0,0.0,0.0,0.0,0.0
200.0,1000.0,800.0,8,0.0,0.05015730857848769,0.053861787863680954,-68.84026336669922,0.2422037432832091,,,0.0,0.0,0.0,0.0,0.0,0.0
200.0,1000.0,400.0,8,0.0,0.0009834766387939453,8.429369702178807e-05,,,,,0.0,0.0,0.0,0.0,0.0,0.0
200.0,1000.0,600.0,8,0.0,0.0010132789611816406,0.00016858739404357613,,,,,0.0,0.0,0.0,0.0,0.0,0.0
200.0,800.0,1000.0,8,0.0,0.05465745925901465,0.05835222098106186,-68.6666374206543,0.12834101936687883,,,0.0,0.0,0.0,0.0,0.0,0.0
200.0,800.0,800.0,8,0.0,0.07444620132443419,0.06463094410732184,-68.82534790039062,0.11375589874865304,,,0.0,0.0,0.0,0.0,0.0,0.0
200.0,800.0,1.0,8,0.0,0.0010728836059570312,0.00022073271269143854,,,,,0.0,0.0,0.0,0.0,0.0,0.0
200.0,800.0,600.0,8,0.0,0.014632940292356837,0.038017098165082475,-68.51148223876953,,,,0.0,0.0,0.0,0.0,0.0,0.0
200.0,800.0,400.0,8,0.0,0.0011026859283447266,0.0003356661684926412,,,,,0.0,0.0,0.0,0.0,0.0,0.0
200.0,800.0,200.0,8,0.0,0.0010728836059570312,0.00025488018218271675,,,,,0.0,0.0,0.0,0.0,0.0,0.0
200.0,200.0,800.0,8,0.0,0.06598234176634063,0.07092321592186535,-68.65246963500977,0.09174113248835099,,,0.0,0.0,0.0,0.0,0.0,0.0
200.0,200.0,400.0,8,0.0,0.053703784942616406,0.07428923875633511,-68.6774959564209,0.1202952853687471,,,0.0,0.0,0.0,0.0,0.0,0.0
200.0,200.0,1.0,8,0.0,0.04073977470397675,0.08311150293148746,-68.66480255126953,0.21126023522388612,,,0.0,0.0,0.0,0.0,0.0,0.0
200.0,200.0,1000.0,8,0.0,0.05453824996946309,0.05794528010957326,-68.73809204101562,0.16436752300914034,,,0.0,0.0,0.0,0.0,0.0,0.0
200.0,200.0,600.0,8,0.0,0.0862479209899584,0.05441882151045311,-68.67892783028739,0.3285715877939995,,,0.0,0.0,0.0,0.0,0.0,0.0
200.0,200.0,200.0,8,0.0,0.07316470146178614,0.10612075252950674,-68.6824210030692,0.1556026848497184,,,0.0,0.0,0.0,0.0,0.0,0.0
200.0,600.0,1.0,8,0.0,0.0010132789611816406,0.0002467866752179936,,,,,0.0,0.0,0.0,0.0,0.0,0.0
200.0,600.0,200.0,8,0.0,0.0009238719940185547,0.00019896577844531063,,,,,0.0,0.0,0.0,0.0,0.0,0.0
200.0,600.0,400.0,8,0.0,0.00095367431640625,0.00025488018218271675,,,,,0.0,0.0,0.0,0.0,0.0,0.0
200.0,600.0,1000.0,8,0.0,0.0014603137969970703,0.0015316024579046016,,,,,0.0,0.0,0.0,0.0,0.0,0.0
200.0,600.0,600.0,8,0.0,0.0011622905731201172,0.00026845732366075596,,,,,0.0,0.0,0.0,0.0,0.0,0.0
200.0,600.0,800.0,8,0.0,0.0011622905731201172,0.00015279530154744522,,,,,0.0,0.0,0.0,0.0,0.0,0.0
800.0,600.0,200.0,5,0.0,1.9403457641601,0.28017990381144836,-68.67033572196961,0.17178608119704855,,,0.0,0.0,0.0,0.0,0.0,0.0
800.0,600.0,1.0,5,0.2,1.9189357757567997,0.28291534607083013,-68.63723084865472,0.2281335918766251,-67.4583511352539,,0.0,0.0,0.0,0.0,0.0,0.0
800.0,600.0,800.0,5,0.0,1.9958019256591597,0.2998729049208358,-68.6777574089682,0.1854907418836458,,,0.0,0.0,0.0,0.0,0.0,0.0
800.0,600.0,600.0,5,0.0,2.04706192016598,0.07808781741113151,-68.67981119155884,0.16001761678477702,,,0.0,0.0,0.0,0.0,0.0,0.0
800.0,600.0,400.0,5,0.0,1.63850784301754,0.3675704190427137,-68.69216498350485,0.1827251834388769,,,0.0,0.0,0.0,0.0,0.0,0.0
800.0,600.0,1000.0,5,0.0,2.00366973876948,0.08162990477912409,-68.6790105951657,0.16836529892366434,,,0.0,0.0,0.0,0.0,0.0,0.0
800.0,1.0,1.0,5,1.0,13.272523880004819,0.6640569925737226,-68.64112992956902,0.2359509951839468,-67.3366912841797,0.04177247524470247,0.0,0.0,0.0,0.0,0.0,0.0
800.0,1.0,200.0,5,1.0,13.051271438598599,0.5968473537200005,-68.64014291398229,0.23875880839583447,-67.28470230102539,0.022127198428957585,0.0,0.0,0.0,0.0,0.0,0.0
800.0,1.0,1000.0,5,1.0,13.465499877929599,0.24720618669724245,-68.64278259805594,0.23973394638952225,-67.28364486694336,0.036483857622590536,0.0,0.0,0.0,0.0,0.0,0.0
800.0,1.0,800.0,5,1.0,13.811349868774359,1.3773264263930698,-68.6426114225662,0.23914680367451915,-67.29087142944336,0.03348410345905065,0.0,0.0,0.0,0.0,0.0,0.0
800.0,1.0,600.0,5,1.0,13.353109359741161,0.17208239794313065,-68.64301865651494,0.2372763082835375,-67.31235580444336,0.04623797800405834,0.0,0.0,0.0,0.0,0.0,0.0
800.0,1.0,400.0,5,1.0,12.754964828491161,1.7612495417416232,-68.64282485702995,0.2357165099423611,-67.34242248535156,0.040675256722355356,0.0,0.0,0.0,0.0,0.0,0.0
800.0,800.0,1.0,5,0.0,0.02441406249998594,0.0520595579837938,-68.67790603637695,0.23846619452506226,,,0.0,0.0,0.0,0.0,0.0,0.0
800.0,800.0,800.0,5,0.0,0.05292892456052469,0.07333861680121483,-68.7268295288086,0.06813731186119341,,,0.0,0.0,0.0,0.0,0.0,0.0
800.0,800.0,1000.0,5,0.0,0.08311271667474157,0.04584107940994324,-68.77108001708984,0.1289110892870367,,,0.0,0.0,0.0,0.0,0.0,0.0
800.0,800.0,600.0,5,0.0,0.0795841217040778,0.07900732702756463,-68.563720703125,0.12731810497848278,,,0.0,0.0,0.0,0.0,0.0,0.0
800.0,800.0,200.0,5,0.0,0.04043579101561594,0.054787427459941904,-68.655517578125,0.2231287877645539,,,0.0,0.0,0.0,0.0,0.0,0.0
800.0,800.0,400.0,5,0.0,0.11849403381342156,0.07669318317104913,-68.5885513305664,0.32098192127138875,,,0.0,0.0,0.0,0.0,0.0,0.0
800.0,200.0,600.0,5,1.0,5.299997329711879,0.805928442766903,-68.64892940602635,0.2452416345189866,-67.32176361083984,0.11273708179431156,0.0,0.0,0.0,0.0,0.0,0.0
800.0,200.0,800.0,5,1.0,5.63941001892084,0.28701099490174237,-68.63504099845886,0.235617556773448,-67.32069091796875,0.1220178673379076,0.0,0.0,0.0,0.0,0.0,0.0
800.0,200.0,1000.0,5,1.0,5.25507926940912,0.5245367123640204,-68.64416451924569,0.24736583873331652,-67.2923828125,0.11486249513451147,0.0,0.0,0.0,0.0,0.0,0.0
800.0,200.0,200.0,5,1.0,6.33053779602046,1.3411244221374437,-68.64013850562026,0.23520675236266145,-67.33645324707031,0.15665830024697133,0.0,0.0,0.0,0.0,0.0,0.0
800.0,200.0,1.0,5,1.0,5.563735961914,0.3419076628113405,-68.64113317431082,0.23570959809198697,-67.24866333007813,0.12163566257226432,0.0,0.0,0.0,0.0,0.0,0.0
800.0,200.0,400.0,5,1.0,5.02882003784174,0.4790925865949435,-68.63244010438311,0.2454141337724114,-67.28504180908203,0.0757953904434149,0.0,0.0,0.0,0.0,0.0,0.0
800.0,1000.0,600.0,5,0.0,0.04596710205076968,0.06267425422148822,-68.41296641031902,0.21118665498134948,,,0.0,0.0,0.0,0.0,0.0,0.0
800.0,1000.0,400.0,5,0.0,0.07772445678710062,0.044222629755436935,-68.53152313232422,0.18407184817091093,,,0.0,0.0,0.0,0.0,0.0,0.0
800.0,1000.0,1.0,5,0.0,0.0009059906005859375,0.00031085979486478085,,,,,0.0,0.0,0.0,0.0,0.0,0.0
800.0,1000.0,1000.0,5,0.0,0.05989074707028313,0.08328991912686781,-68.57885996500652,0.23823033124095377,,,0.0,0.0,0.0,0.0,0.0,0.0
800.0,1000.0,200.0,5,0.0,0.0009059906005859375,0.00019947529471732987,,,,,0.0,0.0,0.0,0.0,0.0,0.0
800.0,1000.0,800.0,5,0.0,0.09284019470212876,0.05327564379594327,-68.66463775634766,0.09834324628768876,,,0.0,0.0,0.0,0.0,0.0,0.0
800.0,400.0,200.0,5,1.0,5.591058731079039,0.7661174470617577,-68.64511010794243,0.2300602178414464,-67.3255111694336,0.2678387683006519,0.0,0.0,0.0,0.0,0.0,0.0
800.0,400.0,1000.0,5,1.0,5.5455207824706605,1.2070528545892842,-68.64116860656088,0.23059647576940437,-67.2758773803711,0.26385571907446587,0.0,0.0,0.0,0.0,0.0,0.0
800.0,400.0,600.0,5,1.0,5.1219940185546395,0.6621265855391859,-68.63719618091706,0.24544168385695744,-67.16380920410157,0.20005850765312913,0.0,0.0,0.0,0.0,0.0,0.0
800.0,400.0,400.0,5,1.0,5.2358627319335405,0.5406144672085765,-68.65773145273042,0.24045061395842834,-67.4046401977539,0.18639920579422858,0.0,0.0,0.0,0.0,0.0,0.0
800.0,400.0,800.0,5,1.0,5.07745742797844,0.6486034615214313,-68.64083941676309,0.25095233270252243,-67.45129699707032,0.1720512679548987,0.0,0.0,0.0,0.0,0.0,0.0
800.0,400.0,1.0,5,1.0,5.18126487731928,0.23730940304213377,-68.65028568422362,0.24174038223362315,-67.33500823974609,0.17789086944392504,0.0,0.0,0.0,0.0,0.0,0.0
